n1,n2,n3,epochs,val_loss,val_mape,val_mae,val_mse,val_nse,val_r2
64,64,64,10,0.0992559218209356,169.41922,0.11262267,0.04960657,0.998702,1.3235722e-12
